,Job Title,Company Name,Location,Salary,Description,Post Date
0,Coordinator of Attendance,Providence Schools,"Providence, RI",,The attendance coordinator will lead attendance efforts and support other programs and initiatives as assigned by the immediate supervisor.,PostedPosted 19 days ago •75+ applications
1,MTSS COORDINATOR,Pender County Schools,"Burgaw, NC 28425",,"SUPERVISES: May coordinate and direct the activities of teacher assistants.
PURPOSE: To plan, organize and present instruction and instructional environments…",PostedPosted 30+ days ago •75+ applications
2,Central Office _ Culture and Climate Coordinator I 2023-2024,DeKalb County School District,United States,$128 a day,"Support Staff (Academic Coaches, MTSS, etc.).
Under general supervision, assist Principals and school leadership teams in the implementation of evidence-based…",PostedPosted 30+ days ago
3,Interim MTSS District Coordinator,Eagle County School District Region 50 J,"Eagle, CO 81631","$60,500 - $72,600 a yearFull-time","BENEFITS: Health, Dental and Vision insurance, 20.90% employer contribution to your PERA retirement plan, paid holidays, paid leave, tuition reimbursement, free…",PostedPosted 30+ days ago
4,MTSS Implementation Coordinator,Northwest Educational Service District,"Concrete, WA 98237","$85,454 - $96,231 a yearMonday to Friday +1",This Multi-Tiered System of Supports (MTSS) position is primarily responsible for supporting a regional district and school in building capacity to implement…,PostedPosted 30+ days ago
5,ELL/MTSS Coordinator,Naples Classical Academy,"Naples, FL 34120",Estimated $43.1K - $54.5K a year,This position reports to the Head of School and is responsible for the effective implementation of the school’s multi-tiered system of supports (MTSS) model and…,PostedToday
6,Educational Consultant-RTI/MTSS,Vanderbilt University,"Nashville, TN 37232 (Vanderbilt Area area)",Estimated $44.8K - $56.8K a yearFull-time,"Collaborate with the team coordinator to ensure regional technical assistance is provided uniformly across the state.
Consultants will support districts in:",PostedPosted 30+ days ago
7,MTSS Specialist,Chapel Hill - Carrboro City Schools,"Chapel Hill, NC 27516",Estimated $48.4K - $61.3K a yearFull-time,"Multi-Tiered Systems of Support (MTSS) - To work collaboratively with district and school level staff (administrators, school psychologist, curriculum…",PostedPosted 30+ days ago
8,"Horizon Area_ MTSS Specialist, (Stone Mountain ES )2023-2024",DeKalb County School District,United States,Estimated $41K - $52K a year,"Support Staff (Academic Coaches, MTSS, etc.).
Marbut Elementary School is seeking an experienced and professional Multi-Tiered System of Support Specialist …",PostedPosted 19 days ago
9,Multi-tiered System of Support (MTSS) Coordinator,Alexandria City Public Schools,"Alexandria, VA",Estimated $66.4K - $84K a yearFull-time,"The coordinator will collaborate with central office and school-based colleagues to support universal (Tier 1) interventions to promote academic, attendance and…",PostedPosted 30+ days ago
10,Wraparound Coordinator,New Bedford Public Schools,"New Bedford, MA 02745",Estimated $54K - $68.3K a yearFull-time,"PERFORMANCE RESPONSIBILITIESAlign and reinforce district messaging, utilizing best practice wrap strategies and tools such as, Multi-Tiered Systems of Support …",PostedPosted 8 days ago
11,Coordinator of School Climate,School District of Lancaster,"Lancaster, PA",Estimated $56.7K - $71.8K a yearFull-time,The Coordinator of School Climate will serve as the catalyst and liaison linking the District’s priority for positive school climate in collaboration with…,PostedPosted 30+ days ago
12,Education Programs Coordinator I - Early MTSS,State of Vermont,"Montpelier, VT 05602",$26.95 an hourFull-time,"The Early MTSS coordinator will be a member of the Early Education Team and will support implementation of high-quality, equitable, inclusive practices within…",PostedPosted 30+ days ago
13,Literacy Coordinator & Coach,Bridges Public Charter School,"Washington, DC 20011 (Fort Totten area)","$68,500 - $90,000 a yearFull-time","The Literacy Coordinator plans, coordinates and implements a literacy program for the instructional staff to facilitate their learning of literacy-based best…",PostedPosted 19 days ago
14,ELECT Program Coordinator - Compliance,The School District Of Philadelphia,"Philadelphia, PA",,"For the Chief Academic Support Office, coordinates and monitors menu of services and supports and related service components under the aegis of the Chief…",PostedPosted 30+ days ago •75+ applications
15,Coordinator of Attendance,Providence Schools,"Providence, RI",,The attendance coordinator will lead attendance efforts and support other programs and initiatives as assigned by the immediate supervisor.,PostedPosted 19 days ago •75+ applications
16,MTSS COORDINATOR,Pender County Schools,"Burgaw, NC 28425",,"SUPERVISES: May coordinate and direct the activities of teacher assistants.
PURPOSE: To plan, organize and present instruction and instructional environments…",PostedPosted 30+ days ago •75+ applications
17,Central Office _ Culture and Climate Coordinator I 2023-2024,DeKalb County School District,United States,$128 a day,"Support Staff (Academic Coaches, MTSS, etc.).
Under general supervision, assist Principals and school leadership teams in the implementation of evidence-based…",PostedPosted 30+ days ago
18,Interim MTSS District Coordinator,Eagle County School District Region 50 J,"Eagle, CO 81631","$60,500 - $72,600 a yearFull-time","BENEFITS: Health, Dental and Vision insurance, 20.90% employer contribution to your PERA retirement plan, paid holidays, paid leave, tuition reimbursement, free…",PostedPosted 30+ days ago
19,MTSS Implementation Coordinator,Northwest Educational Service District,"Concrete, WA 98237","$85,454 - $96,231 a yearMonday to Friday +1",This Multi-Tiered System of Supports (MTSS) position is primarily responsible for supporting a regional district and school in building capacity to implement…,PostedPosted 30+ days ago
20,ELL/MTSS Coordinator,Naples Classical Academy,"Naples, FL 34120",Estimated $43.1K - $54.5K a year,This position reports to the Head of School and is responsible for the effective implementation of the school’s multi-tiered system of supports (MTSS) model and…,PostedToday
21,Educational Consultant-RTI/MTSS,Vanderbilt University,"Nashville, TN 37232 (Vanderbilt Area area)",Estimated $44.8K - $56.8K a yearFull-time,"Collaborate with the team coordinator to ensure regional technical assistance is provided uniformly across the state.
Consultants will support districts in:",PostedPosted 30+ days ago
22,MTSS Specialist,Chapel Hill - Carrboro City Schools,"Chapel Hill, NC 27516",Estimated $48.4K - $61.3K a yearFull-time,"Multi-Tiered Systems of Support (MTSS) - To work collaboratively with district and school level staff (administrators, school psychologist, curriculum…",PostedPosted 30+ days ago
23,"Horizon Area_ MTSS Specialist, (Stone Mountain ES )2023-2024",DeKalb County School District,United States,Estimated $41K - $52K a year,"Support Staff (Academic Coaches, MTSS, etc.).
Marbut Elementary School is seeking an experienced and professional Multi-Tiered System of Support Specialist …",PostedPosted 19 days ago
24,Multi-tiered System of Support (MTSS) Coordinator,Alexandria City Public Schools,"Alexandria, VA",Estimated $66.4K - $84K a yearFull-time,"The coordinator will collaborate with central office and school-based colleagues to support universal (Tier 1) interventions to promote academic, attendance and…",PostedPosted 30+ days ago
25,Wraparound Coordinator,New Bedford Public Schools,"New Bedford, MA 02745",Estimated $54K - $68.3K a yearFull-time,"PERFORMANCE RESPONSIBILITIESAlign and reinforce district messaging, utilizing best practice wrap strategies and tools such as, Multi-Tiered Systems of Support …",PostedPosted 8 days ago
26,Coordinator of School Climate,School District of Lancaster,"Lancaster, PA",Estimated $56.7K - $71.8K a yearFull-time,The Coordinator of School Climate will serve as the catalyst and liaison linking the District’s priority for positive school climate in collaboration with…,PostedPosted 30+ days ago
27,Education Programs Coordinator I - Early MTSS,State of Vermont,"Montpelier, VT 05602",$26.95 an hourFull-time,"The Early MTSS coordinator will be a member of the Early Education Team and will support implementation of high-quality, equitable, inclusive practices within…",PostedPosted 30+ days ago
28,Literacy Coordinator & Coach,Bridges Public Charter School,"Washington, DC 20011 (Fort Totten area)","$68,500 - $90,000 a yearFull-time","The Literacy Coordinator plans, coordinates and implements a literacy program for the instructional staff to facilitate their learning of literacy-based best…",PostedPosted 19 days ago
29,ELECT Program Coordinator - Compliance,The School District Of Philadelphia,"Philadelphia, PA",,"For the Chief Academic Support Office, coordinates and monitors menu of services and supports and related service components under the aegis of the Chief…",PostedPosted 30+ days ago •75+ applications
30,Coordinator of English Learners - English Teacher with ESL endorsement,Ombudsman Educational Services,"Chicago, IL",Estimated $50.2K - $63.6K a yearFull-time,"Job Details Description Ombudsman Educational Services, a growing, dynamic organization with a social mission to offer hope, is seeking an ELL Coordinator to…",PostedPosted 30+ days ago
31,"Central Office _ (Federal Programs) Coach, Lead Academic 2022-2023",DeKalb County School District,United States,,"JobID: 6319 Position Type: Support Staff (Academic Coaches, MTSS, etc.)/Coach, Lead Academic Date Posted: 11/2/2022 Location: Federal Programs Date…",PostedPosted 30+ days ago •75+ applications
32,ELECT Program Coordinator - Compliance,The School District Of Philadelphia,"Philadelphia, PA",,"ELECT Program Coordinator - Compliance - (50013558) Description Note: The salary range for this role is $53,834 - $87,022 For forward-thinking…",PostedPosted 30+ days ago •75+ applications
33,Coordinator of Culture and Climate,Illinois School District U-46,"Elgin, IL 60120",Estimated $72.7K - $92K a year,JobID: 32028 Position Type: Administration - Certified/Coordinator Date Posted: 9/29/2023 Location: Educational Service Center (ESC) Date Available:…,PostedPosted 11 days ago
34,Central Office _Lead Academic Coach (Federal Programs) 2023-2024,DeKalb County School District,United States,$130 a day,"JobID: 9644 Position Type: Support Staff (Academic Coaches, MTSS, etc.)/Coach, Lead Academic Date Posted: 6/13/2023 Location: Federal Programs Date…",PostedPosted 30+ days ago
35,Education Programs Coordinator I - Early MTSS,State of Vermont,"Montpelier, VT 05602",$26.95 an hourFull-time,Overview The Vermont Agency of Education is seeking an Early Education Programs Coordinator I to support implementation of Early Multi-Tiered System of…,PostedPosted 30+ days ago
36,Student Support Coordinator,Rocketship Public Schools,"Fort Worth, TX",,"At Rocketship Public Schools, we believe in the infinite possibility of human potential. We believe that every student deserves the right to dream, to discover…",PostedPosted 30+ days ago •75+ applications
37,"Coordinator, DCPS Persists",District of Columbia Public Schools,"Washington, DC 20002 (NoMa area)","$73,643 - $83,094 a year",Position Overview The Office of Social Emotional Academic Development works with the Chancellor to ensure coherence in the educational experience for our…,PostedPosted 8 days ago
38,MTSS Coordinator- District-Wide,Roseville Area Schools,"Roseville, MN 55113","$46,124 a yearFull-time",JobID: 7241 Position Type: High School Teaching/Lead Teacher Date Posted: 8/23/2023 Location: District-wide MTSS Coordinator Position Title: MTSS…,PostedPosted 30+ days ago
39,"School Social Worker, 1.0 FTE, Multi-Tiered System of Support (MTSS)",San Juan Unified School District,"Carmichael, CA 95608",$27 an hourFull-timeMonday to Friday,JobID: 963 Position Type: Support Staff & Services/Pupil Services/SCHOOL SOCIAL WORKER Date Posted: 7/14/2023 Location: LSC REGION 2 at BARRETT Date…,PostedPosted 30+ days ago
40,DEAN OF STUDENTS,Edenton-Chowan Schools,"Tyner, NC 27980",Full-time,"Dean of Students The Dean of Students serves as a member of the middle school administrative team and assists with the daily operation of the school,…",PostedPosted 4 days ago
41,Regional ELA & Literacy Coordinator,Northwest Educational Service District,"Anacortes, WA 98221","$96,698 - $108,893 a year8 hour shift","Location Northwest ESD 189 1601 R Ave Anacortes, WA 98221 Google Map Position Summary Summary: The Regional ELA and Literacy Coordinator works in concert…",PostedPosted 18 days ago
42,Elementary Dean of Students,Grand Ledge School District,"Grand Ledge, MI 48837",From $37 an hourFull-time,Position: Elementary Dean of Students – Willow Ridge Elementary Summary: This is a full-time position in our K-4 school that is divided into two simultaneous…,PostedPosted 7 days ago
43,Care Corps Coordinator,Rocketship Public Schools,"San Jose, CA 95110 (Fairgrounds area)","From $64,480 a yearFull-timeWeekends as needed +1","At Rocketship Public Schools, we believe in the infinite possibility of human potential. We believe that every student deserves the right to dream, to discover…",PostedPosted 30+ days ago
44,Multi-Tiered System of Supports (MTSS) Instructional Coach,Lake Washington School District,"Redmond, WA 98052 (Downtown area)",,JobID: 6842 Position Type: Elementary Teachers & Certificated Staff/MTSS Instructional Coach Date Posted: 4/3/2023 Location: District-Wide Lake…,PostedPosted 30+ days ago •75+ applications
45,MTSS Instructional Coach - Alcott Elementary - Leave Replacement 2023-2024,Lake Washington School District,"Redmond, WA 98052 (Downtown area)",Estimated $68.9K - $87.2K a yearFull-time,"Elementary Teachers & Certificated Staff/Elementary Classroom Teacher.
Alcott Elementary is looking for qualified teacher candidates for a Inclusive Multi…",PostedPosted 30+ days ago
46,Student Success Coach,Pulaski County Schools,"Somerset, KY 42503",Estimated $33.7K - $42.7K a yearFull-time,"Bachelor’s Degree in Education, Counseling, or a related field.
Minimum three years successful classroom teaching experience.",PostedPosted 11 days ago
47,504 Coordinator,Commonwealth Charter Academy,Pennsylvania,Estimated $48.2K - $61K a yearFull-time,"Pennsylvania - Any CCA Family Service Center.
Working from a CCA Family Service Center, the 504 Coordinator is primarily responsible for providing support to…",PostedPosted 30+ days ago
48,Regional Gifted Coordinator (PreK-3 REG Gen Ed),Chicago Public Schools,"Chicago, IL 60613 (Lake View area)",Estimated $64.6K - $81.8K a year,"Regional Gifted Coordinator (PreK-3 REG Gen Ed).
Posting Date: Sep 6, 2023, 5:06:51 PM.
Primary Location: North/Northwest Side-832 West Sheridan Road (Horace…",PostedPosted 30+ days ago
49,Restorative Practices Specialist,Chicago Public Schools,"Chicago, IL 60602 (The Loop area)",,"Posting Date: Jul 10, 2023, 4:13:18 PM.
Primary Location: Central-42 West Madison Street (Social and Emotional Learning).
CPS Non-Union Job Grade: S07.",PostedPosted 30+ days ago •75+ applications
50,Behavioral Intervention Specialist - Prevention & Intervention,Fresno Unified School Distrcit,"Fresno, CA 93721 (Central area)","$52,108 a yearFull-time",The Behavioral Intervention Specialist is accountable for assisting schools sites with social emotional supports by providing strategic services that identify…,PostedPosted 12 days ago
51,AIG/MTSS/Section 504 Program Coordinator,Thomasville City Schools,"Thomasville, NC 27360",Estimated $39.6K - $50.2K a yearFull-time,"Academically/Intellectually Gifted (AIG)/MTSS/Section 504.
The Academically/Intellectually Gifted (AIG) Program as described in the Local Plan for.",PostedPosted 8 days ago
52,Educational Specialist II - MTSS,Baltimore City Public Schools,"Baltimore, MD 21202 (Barclay area)","$82,017 - $107,495 a yearFull-time","Related positions are contingent on board approval.
Supports the work of the Teaching and Learning office, with a focus on development of Multi-Tiered Systems…",PostedPosted 30+ days ago
53,"Coordinator, Restorative Justice",District of Columbia Public Schools,"Washington, DC 20002 (NoMa area)",Estimated $56.9K - $72.1K a yearFull-time,"The Coordinator, Restorative Justice is responsible for developing and implementing proactive and responsive restorative practices in order to foster a safe,…",PostedPosted 30+ days ago
54,Exceptional Children's Compliance & Learning Coordinator,Edgecombe County Public Schools,"Tarboro, NC 27886",Estimated $60.6K - $76.8K a yearFull-time,"? Assist MTSS coordinator in progressing the district forward with MTSS best practices.
EDGECOMBE COUNTY PUBLIC SCHOOLS JOB DESCRIPTION.",PostedPosted 30+ days ago
55,Regional Exceptional Student Services Coordinator,Vertex Education,"Chandler, AZ 85286",Full-time,"As the Regional Exceptional Student Services Coordinator, you will be the one who provides technical assistance, training, programming validation, and…",PostedToday
56,Coordinator of Student Services-Trauma Sensitive and Resilient Schools - Central Office,"Kansas City, Kansas Public Schools","Kansas City, KS",Full-timeMonday to Friday,"Develops, coordinates and implements trauma-informed practices in our KCKPS schools in order to create a community of resilience.",PostedPosted 30+ days ago
57,NON-CLASSIFIED: Multi-Tiered System of Supports (MTSS) Coordinator,State of Colorado Job Opportunities,"Colorado Springs, CO",Estimated $39K - $49.3K a yearFull-time8 hour shift,Vision Statement: CSDB aspires to be an exemplary global resource for families and professionals that excels in preparing diverse learners to transform the…,PostedPosted 30+ days ago
58,Restoration and Safety Coordinator,Des Moines Public Schools,"Des Moines, IA 50312 (Arbor Peaks area)",Estimated $46.4K - $58.8K a yearFull-time,"Des Moines Public Schools is seeking a Restoration and Safety Coordinator at Roosevelt High School!
Under the supervision of the building administrator, the…",PostedPosted 5 days ago
59,MULTI-TIERED SYSTEM SUPPORT INTERVENTIONIST,Colonial Intermediate Unit 20,"Wind Gap, PA 18091","$65,250 - $70,250 a yearFull-time","Bachelor’s degree and teaching experience, Special Education preferred.
MA degree and 3+ years relevant experience preferred.
Employment Full-time 10 Months.",PostedPosted 7 days ago
60,Education Specialist I: Response to Intervention (RtI),Education Service Center Region XIII,"Austin, TX 78723 (Pecan Springs Springdale area)",Estimated $56.5K - $71.5K a yearFull-timeExtended hours,Specialist Job ID: 4822 Reports To: Coordinator: Academic Services/Instructional Development & Support Salary: This is a full-time (12) twelve-month…,PostedPosted 4 days ago
61,Coordinator of Student Services - Elementary,Portsmouth School Department,"Portsmouth, RI 02871","$50,000 - $66,000 a year",JOB TITLE: Coordinator of Student Services - Elementary (one-year-only)POSITION SUMMARYThe Coordinator of Student Services is responsible for the supervision…,PostedPosted 30+ days ago
62,Tutor Corps Literacy Coordinator,Chicago Public Schools,"Chicago, IL 60602 (The Loop area)","$57,000 - $63,000 a yearFull-time +1","Tutor Corps Literacy Coordinator Job Number: 230003AG Posting Date: Sep 1, 2023, 7:05:23 PM Primary Location: Central-42 West Madison Street (Student…",PostedPosted 30+ days ago
63,Special Education Faculty,Wayne State college,"Wayne, NE 68787","$57,000 - $63,000 a yearFull-time +1",Position Information Job Title Special Education Faculty Rank To be determined based on qualifications Tenure Information Tenure Track Nature of Work…,PostedPosted 30+ days ago
64,Special Education Faculty,Nebraska State College System,"Wayne, NE 68787","$57,500 - $88,500 a yearFull-time",Rank To be determined based on qualifications Tenure Information Tenure Track Nature of Work Responsible for providing instruction in accordance with the…,PostedPosted 30+ days ago
65,Reading Intervention Teacher,Bridges Public Charter School,"Washington, DC 20011 (Fort Totten area)","$66,000 - $87,500 a year",Bridges seeks a Reading Intervention Teacher to support our literacy program in the Elementary School level classrooms (K-5). This is a 10-month position that…,PostedPosted 30+ days ago
66,"Assessment Specialist, Large-Scale Assessments",Chicago Public Schools,"Chicago, IL 60602 (The Loop area)",Estimated $53.9K - $68.2K a yearFull-time,"Assessment Specialist, Large-Scale Assessments Job Number: 230002IH Posting Date: Jun 30, 2023, 2:08:31 PM Primary Location: Central-42 West Madison Street …",PostedPosted 30+ days ago
67,Special Education Coordinator,Berkeley School District 87,"Berkeley, IL 60163",$23.88 an hourFull-time,JobID: 1299 Position Type: Student Support Services Date Posted: 9/26/2023 Location: Northlake Middle & Riley Intermediate Schools Date Available: 2023…,PostedPosted 30+ days ago
68,Community Schools Case Manager,Childrens Institute Inc,"Los Angeles, CA 90002",Estimated $48.4K - $61.3K a year,"SUMMARY The Community Schools Case Manager provides individual/family services, case management, and consultation services for a caseload of children and…",PostedPosted 30+ days ago
69,Social Emotional Learning Specialist,East Baton Rouge Parish School System,"East Baton Rouge Parish, LA","$105,202 - $111,663 a yearFull-time",JobID: 11427 Position Type: STUDENT SUPPORT Date Posted: 10/2/2023 Location: Christa McAuliffe Center Closing Date: 10/31/2023 Job Title: Social…,PostedPosted 30+ days ago
70,Multi-Tiered System Support (MTSS) Coord,ESD 105,"Yakima, WA 98902",Full-time +1,"About ESD 105 ESD 105 strives to provide the best professional service to its clients. We recognize the contribution our employees make to our organization,…",PostedPosted 30+ days ago
71,"Assistant Principal, Elementary & Secondary",Washoe County School District,"Washoe County, NV",Estimated $49.5K - $62.6K a yearFull-time,"ELEMENTARY ASSISTANT PRINCIPAL SUMMARY DESCRIPTION Under the direction of the principal, serves as assistant instructional leader and assistant…",PostedPosted 27 days ago
72,Clinical Mental Health MTSS Counselor,Orleans Southwest,"Hardwick, VT 05843",Estimated $47K - $59.5K a yearFull-time,The Clinical Mental Health MTSS Counselor will work closely with the Orleans Southwest Supervisory Union MTSS Coordinator to support a district-wide MTSS…,PostedPosted 18 days ago
73,Special Education Coordinator - Secondary,Reynoldsburg City School District,"Reynoldsburg, OH 43068","$48,193 - $89,454 a yearPart-timeExtended hours",Position Overview: Reynoldsburg City Schools is seeking an experienced applicant to serve the role of Special Education Coordinator Secondary. The…,PostedPosted 30+ days ago
74,K-5 MTSS Multi-Tiered Instruction TOSA -.5 FTE - MILLS ELEMENTARY SCHOOL,KLAMATH FALLS CITY SCHOOLS,"Klamath Falls, OR 97601",$20.34 - $22.39 an hour,POSITION: K-5 MTSS Multi-Tiered Instruction TOSA - MILLS ELEMENTARY SCHOOL - 0.5 FTE SUMMARY: Klamath Falls City Schools is looking for a dynamic and…,PostedPosted 30+ days ago
75,CTE Specialist – Criminal Justice,Rockford Public Schools,"Kent, WA",Estimated $38.7K - $49K a yearFull-time,To assist in providing a well-organized and smoothly functioning class environment that reflects the actual work environment in which students can take full…,PostedPosted 30+ days ago
76,Math Interventionist-Forest Hill/ Hillcrest Elementary Schools,Burke County Schools,"Morganton, NC 28655","$80,000 - $90,000 a yearFull-timeWeekends as needed +1","Work collaboratively with classroom teachers to determine the intervention needs of students.
Create common assessments that align with curriculum and pacing.",PostedPosted 30+ days ago
77,CareCorps Manager,Rocketship Public Schools,"San Francisco Bay Area, CA",Estimated $47K - $59.5K a yearFull-time,"Ensure compliance of community schools coordinators hours, documentation, and needed credentials; fill in services during any extended absence of a community…",PostedPosted 30+ days ago
78,Special Education Coordinator - Secondary,Reynoldsburg City School District,"Reynoldsburg, OH 43068",Estimated $47.7K - $60.4K a yearFull-time,The Coordinator works closely with the Director of Special Education to develop high quality programs of services for Secondary students.,PostedPosted 30+ days ago
79,Social Emotional Learning Interventionist,Mount Abraham Unified School District,"Bristol, VT 05443",Estimated $43.3K - $54.9K a yearFull-time,We are seeking an energetic and enthusiastic Social Emotional Learning Interventionist to improve the social emotional learning of students and to provide…,PostedPosted 7 days ago
80,"Teacher, RTI Consulting (MTSS) (EOY)",Loudoun County Public Schools,"Ashburn, VA 20148",Estimated $42.7K - $54.1K a yearFull-timeMonday to Friday,"Under general supervision of the Response to Intervention Coordinator, the MTSS-RTI Consulting Teacher is responsible for providing support in the…",PostedPosted 30+ days ago
81,Special Education Coordinator,ReGeneration Schools,"Cincinnati, OH","$110,060 a yearFull-time","Reporting to the School Principal and Director of Specialized Services, the Special Education Coordinator / Intervention Specialist plays a critical role in…",EmployerActive 5 days ago
82,Elementary Principal – Bernon Heights Elementary School,Woonsocket Education Department,"Woonsocket, RI 02895 (Downtown area)",Estimated $47.2K - $59.7K a yearPart-time,Serving as assessment coordinator for the building and being responsible for the assessment program and the interpretation of data.,PostedPosted 12 days ago
83,.5 Elementary ELL/MLL Teacher,North Smithfield School Department,"North Smithfield, RI 02896",$20.34 - $22.39 an hour,"Meet with administrators, district testing coordinator regarding RICAS regulations for ELL/MLL students.
JOB GOAL: Provide language acquisition services and…",PostedPosted 22 days ago
84,Applied Construction Program – CTE Specialist,Kent ISD,"Grand Rapids, MI 49525",Estimated $34.3K - $43.4K a yearFull-time,To assist in providing a well-organized and smoothly functioning class environment that reflects the actual work environment in which students can take full…,PostedPosted 30+ days ago
85,MS School Counselor,Dare County Schools,"Buxton, NC 27920",Estimated $65K - $82.3K a year,"Qualifications: •Must hold or be eligible to hold a valid North Carolina Certification in.
Knowledge of Career and College Promise and Dual Enrollment.",PostedPosted 4 days ago
86,"Personalized Learning Coordinator, Pullman School",Chicago Public Schools,"Chicago, IL 60628 (Pullman area)",Estimated $48.4K - $61.3K a year,"Reporting to the school Principal, the School-Based Personalized Learning Coordinator (PLC) will support the Department of Advanced Learning & Specialty…",PostedPosted 5 days ago
87,Social Emotional Learning Specialist,East Baton Rouge Parish School System,"East Baton Rouge Parish, LA",Estimated $43K - $54.4K a yearFull-time,"The Social Emotional Learning Specialist supports the design and implementation of the social emotional learning framework, curriculum, standards, instruction…",PostedPosted 30+ days ago
88,Behavior Coach,Kent ISD,"Grand Rapids, MI 49525","$52,000 - $70,000 a yearFull-time",This position is responsible for providing educational leadership and expertise regarding social emotional and behavioral learning at the Tier III level through…,PostedPosted 30+ days ago
89,Literacy Interventionist [Immediate Start],DSST Public Schools,"Denver, CO 80207 (Northeast Park Hill area)",Estimated $40.5K - $51.2K a yearFull-time,Interventionists work with the community engagement coordinator to bring various literacy support to families and the community including family literacy nights…,PostedPosted 30+ days ago
90,Behavior Specialist,Currituck County Schools,"Currituck, NC 27929","$42,500 - $47,500 a yearPart-time","Required or be willing to become a certified Crisis Prevention and Intervention instructor.
Minimum of a Bachelor’s degree from an approved education program.",PostedPosted 29 days ago
91,Student Support Partner,DC Wildflower Public Charter School,"Washington, DC 20019 (Burrville area)",Estimated $69.8K - $88.4K a yearFull-time,"2+ years of Special Education leadership (coordinator, coach, assistant principal).
The Student Support Partner at DC Wildflower Public Charter School (DCWPCS),…",PostedPosted 30+ days ago
92,Principal - Eastside Elementary,Constantine Public Schools,"Centreville, MI 49032",Estimated $66.7K - $84.5K a yearFull-time,"Summary: Provide instructional leadership to staff including: administering instructional programs, curriculum planning, supervision, evaluation and…",PostedPosted 30+ days ago
93,Teacher on Special Assignment - Counseling/Social Work (5493),Evergreen Public Schools,"Vancouver, WA 98686",Estimated $47.2K - $59.8K a year,Evergreen Public Schools (EPS) offers the following to eligible employees who work at least 630 hours in a school year:,PostedPosted 30+ days ago
94,Social Emotional Specialist,Illinois School District U-46,"Elgin, IL 60120",Estimated $46.4K - $58.7K a yearFull-time,"As part of a Social Emotional Response Team (SERT), the Social Emotional Support (SES) Intervention Specialist will facilitate, promote, and help maintain a…",PostedPosted 30+ days ago
95,School Counselor - Propel Northside School,Propel Charter School - Northside,"Pittsburgh, PA 15212",Estimated $65.7K - $83.2K a yearFull-timeOvertime,"School counselors are uniquely qualified to address the academic, personal/social, and career development needs of all students by designing, implementing, and…",PostedPosted 30+ days ago
96,High School/Transition Student Service Coordinator,Aspen School District,"Aspen, CO 81611",Estimated $45.2K - $57.2K a yearFull-time,"Terms of employment: 203 day certified.
Position Summary: The purpose of this position is to support the accomplishment of the District mission by providing…",PostedPosted 30+ days ago
97,Title I Teacher,Camden County Schools,"Camden, NC 27921",Estimated $48.1K - $60.9K a yearFull-time,The coordinator will monitor and assist regular classroom and EC teachers in Title I schools following the Multi-Tiered system framework of support.,PostedPosted 30+ days ago
98,Reading Interventionist at RHS (One year only),Newport Public Schools,"Newport, RI 02840",Estimated $45.8K - $58K a yearFull-time,Reading teacher certification (K-12) with valid teacher certification from the Rhode Island Department of Education required.2.,PostedPosted 21 days ago
99,School Counselor - Propel Andrew St. High School,Propel Schools,"Munhall, PA 15120",Estimated $45K - $57K a yearFull-time,"School counselors are uniquely qualified to address the academic, personal/social, and career development needs of all students by designing, implementing, and…",PostedPosted 30+ days ago
100,School Counselor - Propel Hazelwood School,Propel Charter School - Hazelwood,"Pittsburgh, PA 15207",Estimated $60K - $76K a year,"School counselors are uniquely qualified to address the academic, personal/social, and career development needs of all students by designing, implementing, and…",PostedPosted 30+ days ago
101,Case Manager,Chicago Public Schools,"Chicago, IL 60653 (North Kenwood area)",$22.05 an hourFull-time8 hour shift +2,This position differs from a person at the school being assigned the duty/role of Case Manager that allows for the receipt of a stipend.,PostedPosted 5 days ago
102,Student Success Navigator,Evansville Vanderburgh School Corporation,"Evansville, IN","$55,642 - $119,024 a yearFull-time","This non-exempt position is scheduled for 188 days per school year, 8 hours per day.
This is a grant-funded position for the 2023-24 and 2024-25 school years…",PostedPosted 28 days ago
103,Behavior Specialist- Behavior Supports & HWP,Douglas County School District - Colorado,"Douglas County, CO",Estimated $54K - $68.4K a yearContract,"Behavior Specialists have the knowledge, skills and passion to consult and problem-solve with staff, students and families when students are faced with…",PostedPosted 30+ days ago
104,"School Counselor, Shawsheen Elementary School",Weld County School District,"Greeley, CO 80631",Estimated $48.4K - $61.3K a year,"Salary: Salary placement on our Certified Salary schedule is dependent on the employees’ education and/or work experience.
Master’s degree in Counseling.",PostedPosted 6 days ago
105,Social Emotional Learning Specialist,East Baton Rouge Parish School System,"East Baton Rouge Parish, LA",Estimated $50.9K - $64.4K a yearFull-time,JobID: 11427 Position Type: STUDENT SUPPORT Date Posted: 10/2/2023 Location: Christa McAuliffe Center Closing Date: 10/31/2023 Job Title: Social…,PostedPosted 30+ days ago
106,Behavior Coach,Rockford Public Schools,"Kent, WA",Estimated $33.1K - $41.9K a yearFull-time +1,JobID: 21214 Position Type: Student Support Services/Special Education Learning Coaches Date Posted: 9/29/2023 Location: Kent ISD Closing Date: Open…,PostedPosted 30+ days ago
107,PL .5 EL Teacher / .5 EL Building Coordinator (TOSA),Oswego Community Unit School District 308,"Oswego, IL",Estimated $48.1K - $60.9K a yearFull-time,PL .5 EL Teacher / .5 EL Building Coordinator (TOSA) JobID: 13535 Date Posted: 8/23/2023 Location: Plank Junior High School COMPENSATION: Per Teacher…,PostedPosted 30+ days ago
108,Reading Interventionist at RHS (One year only),Newport Public Schools,"Newport, RI 02840",Full-time,POSITION: Reading Specialist @ Rogers High School (1 year only)LOCATION: Rogers High SchoolGENERAL DUTIES: To instruct students in readingREPORTS TO: Principal…,PostedPosted 21 days ago
109,"School Principal, Elementary & Secondary",Washoe County School District,"Washoe County, NV","$52,000 - $70,000 a yearFull-time","ELEMENTARY SCHOOL PRINCIPAL SUMMARY DESCRIPTION Under general direction, serves as the instructional leader and chief administrative officer of an…",PostedPosted 30+ days ago
110,Literacy Interventionist [Immediate Start],DSST Public Schools,"Denver, CO 80207 (Northeast Park Hill area)","$46,743 - $97,600 a yearFull-time +1",POSITION: Literacy Interventionist GRADE LEVEL: Hiring for both middle school and high school positions LOCATION: Currently hiring at multiple locations.…,PostedPosted 30+ days ago
111,Middle School Counselor (Temporary),Mesa County Valley School District 51,"Mesa County, CO",Estimated $58.6K - $74.3K a yearFull-time,JobID: 9567 Position Type: Counseling/School Counselor Date Posted: 5/9/2023 Location: Mount Garfield Middle School Closing Date: 5/15 or open until…,PostedPosted 30+ days ago
112,19791 - Temporary MTSS and Language Development Learning Facilitator,Kennewick School District,"Kennewick, WA 99336",Estimated $50.3K - $63.7K a yearFull-time,POSITION: #FPLHS19791 Temporary MTSS and Language Development Learning Facilitator 1.0 FTE Temporary Contract for 2023-24 school year LOCATION: Legacy…,PostedPosted 30+ days ago
113,Cortez - Elementary Teacher - 2nd grade - Mesa Elementary,Teach in Southwest Colorado,"Cortez, CO 81321",$150 a dayPart-time,MONTEZUMA CORTEZ SCHOOL DISTRICT RE-1 EVERY STUDENT. EVERY DAY. Position: Teacher 2nd Grade - Mesa Elementary Our Vision The district is committed to…,PostedPosted 30+ days ago
114,Long Term Substitute - Traveling Teacher (Kdg & 1st Reading),Cedar Springs Public Schools,"Cedar Springs, MI 49319",$22.05 an hourFull-time8 hour shift +2,The Traveling Teacher serves an integral role in positively impacting student outcomes through supporting students and teachers in the use of resources as…,PostedPosted 14 days ago
115,Student Success Navigator,Evansville Vanderburgh School Corporation,"Evansville, IN",Estimated $49K - $62.1K a yearFull-time,"Our people are the single most important asset we have in the EVSC. - Dr. Smith, Superintendent Join a school district where employees are truly making a…",PostedPosted 28 days ago
116,EC Program Specialist,Vance County Schools,"Henderson, NC 27536","Up to $61,081 a yearFull-time",VANCE COUNTY SCHOOLS JOB DESCRIPTION JOB TITLE: SPECIALIST – PROGRAM SPECIALIST EXCEPTIONAL CHILDREN SERVICES GENERAL STATEMENT OF JOB Under general…,PostedPosted 30+ days ago
117,INTERVENTION TEACHER,Orenda Education,"Georgetown, TX 78628",,A formal application is required for consideration of an Orenda Education employment opportunities. A resume and cover letter are recommended. Please go to www…,PostedPosted 30+ days ago
118,School Social Worker,Fulton County Schools,"Atlanta, GA 30339",Estimated $57K - $72.1K a year,Category: Support Staff Job Function: Certified Support Staff Department: Exceptional Children Salary Schedule Range Summary School social workers act as a…,PostedPosted 21 days ago •75+ applications
119,Counselor - Social Emotional Learning Elementary,Waukegan Community Unit District 60,"Waukegan, IL 60085",Full-time,JobID: 5724 Position Type: Professional Staff Student Support Services/Guidance Counselor Date Posted: 9/26/2023 Location: Lincoln Center/District Wide…,PostedPosted 14 days ago
120,Dean of Special Services,El Paso Leadership Academy,"El Paso, TX 79901 (Central area)",Estimated $24.5K - $31K a year,The Dean of Special Service (DSS) primary responsibility is to support the campuses with all special program needs.,PostedPosted 30+ days ago
121,23/24 SY - FAMILY AND COMMUNITY ENGAGEMENT COORDINATOR (CC#252130),Phoenix Union High School District,"Phoenix, AZ",Estimated $57.5K - $72.8K a yearFull-time,"Classified Support Staff/FAMILY & COMMUNITY ENGAGEMENT COORDINATOR.
DEPARTMENT: Student and Family Services SALARY SCHEDULE: Education Support Professionals.",PostedPosted 14 days ago
122,Math Interventionist,Westerly Public Schools,"Westerly, RI 02891","$5,675 - $9,081 a monthFull-time","Student Support Services/Intervention Teacher.
Our District offers competitive wages and a full range of benefits for both part-time and full-time staff…",PostedPosted 30+ days ago
123,CTE Teacher - State Teacher I - Spring Creek,State of Colorado Job Opportunities,"Colorado Springs, CO",Estimated $40.6K - $51.4K a yearFull-time,"The Division operates fifteen secure facilities that serve youth between the ages of 10 and 21, who are pre-adjudicated, sentenced, or committed.",PostedPosted 30+ days ago
124,District MTSS/RTI Teacher Specialist,Savannah-Chatham County Schools,"Savannah, GA 31401",Estimated $55.9K - $70.8K a yearFull-time,PRIMARY FUNCTION: This position is responsible for providing specialized assistance to schools with the kindergarten to 12th grade Response to Intervention (RTI…,PostedPosted 6 days ago
125,Anticipated School Counselor (starting in the 2024-25 school year),School Administrative Unit 70,"Hanover, NH 03755","$55,642 - $119,024 a yearFull-time","We seek a school counselor that is collaborative, flexible, and has strong relationship building skills.
The school counselor will be responsible for teaching…",PostedPosted 6 days ago
126,Behavior Specialist- Behavior Supports & HWP,Douglas County School District - Colorado,"Douglas County, CO","$73,482 - $77,995 a yearFull-time8 hour shift","Behavior Specialists have the knowledge, skills and passion to consult and problem-solve with staff, students and families when students are faced with…",PostedPosted 30+ days ago
127,Mental Health Therapist,Educational Service District 105,"Yakima, WA 98902",Estimated $85.9K - $109K a yearFull-time,"Status: Full-time (260 days, 8 hours per day).
Medical, vision, dental, paid leave benefits and retirement.
Options are available for employees.",PostedPosted 19 days ago
128,Principal – Eastside Elementary,Michigan Association of School Boards,"Saint Joseph, MI",$17.90 - $24.90 an hourFull-time,"Position/Type: Elementary Principal – Assistant, full time.
Summary: Provide instructional leadership to staff including: administering instructional programs,…",PostedPosted 30+ days ago
129,Instructional Paraeducator - Special Education,West Valley School District #363,"Spokane, WA 99212",Estimated $61.5K - $77.9K a yearFull-time,"Level 2 Paraeducator - SNAP Salary Schedule.
The paraeducator role plays a pivotal role in providing evidence-based student support in the area(s) identified…",PostedPosted 27 days ago
130,Board Certifiied Behavioral Analyst,RSU 21,"Kennebunk, ME 04043",Estimated $72.4K - $91.7K a year,"Board Certified Behavior AnalystThe full-time BCBA will develop Behavior Support Plans, complete Functional Behavior Assessments and support the MTSS behavior…",PostedPosted 21 days ago
131,"DIRECTOR, SCHOOL COUNSELING, SCHEDULING AND STUDENT SUPPORT",Camden City School District,"Camden, NJ",Estimated $45.2K - $57.3K a yearFull-timeMonday to Friday,"Director of School Counseling, Scheduling and Student Support Services.
The Superintendent invites qualified and interested candidates to apply for the position…",PostedPosted 20 days ago
132,"Counselor - Special Programs, 1.0 FTE, Multi-Tiered System of Support (MTSS)",San Juan Unified School District,"Carmichael, CA 95608",Estimated $45.3K - $57.3K a year,"Support Staff & Services/Pupil Services/COUNSELOR-SPECIAL PROG.
Counselor: 10 Months/Year, 186 Days/Year, 5 Days/Week, Professional Work Day.",PostedPosted 30+ days ago
133,Restorative Practices Facilitator,Reading School District,"Reading, PA",Estimated $42.7K - $54K a yearFull-time,Actively participates in the Student Assistance Program (SAP) for the school as a case-manager and/or building coordinator.,PostedPosted 30+ days ago
134,Middle School Math Teacher,Fairfield Community School District,"Fairfield, IA 52556",,"Bachelor’s degree in Education required.
K-8, 5-12 Math Certification Required, 5-8 Algebra for HS Credit.
Preferred experience in classroom teaching in middle…",PostedPosted 30+ days ago
135,School Counselor (Contractor),Marietta City Schools,"Marietta, GA 30060","$75,000 - $85,000 a year","FLSA Status: Non-Exempt - Temporary -At will.
Not to Exceed 6 hours per day.
The counselor provides direction at the school level by working to design,…",PostedPosted 30+ days ago •75+ applications
136,Director of MTSS,Waterloo Central School District,"Waterloo, NY","$57,500 - $88,500 a yearFull-time","Work with ELA and Math RTI data coordinators at the elementary buildings.
Collaborate with building principals to assist with building level IST and BIT teams…",PostedPosted 21 days ago
137,Math Intervention Teacher SY 23-24,Bridges Public Charter School,"Washington, DC 20011 (Fort Totten area)",Estimated $45.3K - $57.3K a year,The Math Intervention Teacher is a highly qualified teacher of mathematics who works primarily with 1st-5th grade students who require strategic and intensive…,PostedPosted 30+ days ago
138,Restorative Practices Facilitator,Reading School District,"Reading, PA",Estimated $55.8K - $70.7K a year,Actively participates in the Student Assistance Program (SAP) for the school as a case-manager and/or building coordinator.,PostedPosted 30+ days ago
139,School Social Worker,Waukegan Community Unit District 60,"Waukegan, IL 60085",Estimated $65K - $82.4K a yearFull-time,"Professional Staff Student Support Services/Social Worker.
The Waukegan Community Unit School District No. 60 has set an ambitious agenda for change, guided by…",PostedPosted 30+ days ago
140,Special Education Behavior Analyst,Robbinsdale Area Schools,"New Hope, MN 55427",Estimated $72.4K - $91.7K a year,"To provide consultation, training, modeling, coaching/mentoring, and ongoing practice of behavior management techniques to district staff.",PostedPosted 30+ days ago
141,"DIRECTOR, SCHOOL COUNSELING, SCHEDULING AND STUDENT SUPPORT",Camden City School District,"Camden, NJ","$45,795 - $91,218 a yearFull-timeMonday to Friday","Director of School Counseling, Scheduling and Student Support Services.
The Superintendent invites qualified and interested candidates to apply for the position…",PostedPosted 20 days ago
142,Board Certified Behavioral Analyst,Maine Regional School Unit 21,"Kennebunk, ME 04043",Estimated $32.3K - $40.9K a yearFull-time,"The full-time BCBA will develop Behavior Support Plans, complete Functional Behavior Assessments and support the MTSS behavior program and Special Purpose…",EmployerActive 15 days ago
143,90 Day Learning Recovery Support Teacher (Temporary),Southeast Polk CSD,"Altoona, IA 50009",Estimated $26K - $33K a year,This role will further support the learning acceleration model by providing targeted scaffolds so all students may have consistent access to grade level work.,PostedPosted 30+ days ago
144,Assistant Football Coach,Davenport Community Schools,"Davenport, IA 52803 (College Square area)",Estimated $49.3K - $62.4K a yearFull-time8 hour shift,6). Support the strength and conditioning coordinator to ensure proper conditioning and weight training for our student athletes.,PostedPosted 30+ days ago
145,Multi-Tiered System of Support (MTSS) Facilitator *POOL* - Elementary (Effective 2023-2024 SCHOOL YEAR),Tucson Unified School District,"Tucson, AZ 85719 (Rincon Heights area)",Estimated $75.1K - $95K a yearFull-time,"The ESSER Grant is expected to last through the 2023/2024 School Year.
The MTSS Facilitator will promote and facilitate the MTSS process for supporting all…",PostedPosted 30+ days ago
146,CEIS Lead Specialist,Alexandria City Public Schools,"Alexandria, VA",,The Comprehensive Early Intervening Services (CEIS) Lead Specialist will work with team members to provide training and onsite technical assistance to school…,PostedPosted 25 days ago
147,"Secretary for Director of Student Services, Director of Policy and Compliance, and Coordinator of Student Services",Canyon ISD,"Canyon, TX 79015",Estimated $45.8K - $58K a yearFull-time,"Minimum high school diploma or equivalent required.
Meet NCLB highly qualified status required (48 accredited college credit hours or passing score on CISD…",PostedPosted 30+ days ago •75+ applications
148,Positive Behavior Interventions & Supports In-School Coach (2023-2024),Springfield Public Schools,"Springfield, MA 01103 (Metro Center area)","$46,000 a yearFull-time",Each school that implements PBIS is required to have a school-based team compromised of teachers and support staff who are representative of the school…,PostedPosted 7 days ago
149,23-24 Assistant Program Coordinator - CAP Afterschool Program,Somerville Public Schools,"Somerville, MA 02145 (East Somerville area)","$90,206 - $95,746 a yearFull-time8 hour shift","The Assistant Program Coordinator will be responsible for the records, registration, and management of students in Afterschool programs of the Somerville Public…",PostedPosted 30+ days ago
150,Mental Health Clinical Supervisor-School Based,Educational Service District 105,"Yakima, WA 98902",Estimated $51.7K - $65.5K a year,"Status: Full-time (260 days, 8 hours per day).
Medical, vision, dental, paid leave benefits and retirement.
Options are available for employees.",PostedPosted 30+ days ago
151,Behavior Interventionist,Lake Ridge Schools,"Gary, IN 46408","$87,816 - $140,388 a yearNon-tenure","JOB SUMMARY: Behavior Interventionist supports the social-emotional needs, development, and learning for all students through a culture of equity and support in…",PostedPosted 30+ days ago
152,Content Specialist: High School English Language Arts,Washington County Public Schools,"Hagerstown, MD",Estimated $49.5K - $62.7K a yearFull-time,"Content Specialist: High School English Language Arts.
Category 06 on the A&S Salary Scale, 12-month work year.
Attend relevant county and state meetings.",PostedPosted 14 days ago
153,School Psychologist,Clarkston Community Schools,"Oakland County, MI",Estimated $49K - $62K a yearFull-time,Building coordinator of Multi-Tiered Systems of Support (MTSS) with a strong understanding of MTSS and interpretation of data.,PostedPosted 5 days ago
154,ADJUSTMENT COUNSELOR / 504 COUNSELOR,Tantasqua Regional School District and School...,"Holland, MA 01521",Estimated $44.9K - $56.9K a year,"The Adjustment Counselor/504 Coordinator works cooperatively within the school environment and is responsible for providing individual, group, and or…",PostedPosted 30+ days ago
155,Dual Language MTSS Instructional Coach,Cary Community Consolidated School District 26,United States,Estimated $50K - $63.3K a yearFull-time,"Participate in broader area trainings as agreed upon with District level coordinators.
Serve as liaison between school building’s staff and the District level…",PostedPosted 30+ days ago
156,High School Prevention Specialist - EVHS,Eagle County School District Region 50 J,"Gypsum, CO 81637","$52,026 - $107,827 a yearFull-timeDay shift +1","(3 year Grant Funded beginning Aug 2023).
BENEFITS: Health, Dental and Vision insurance, 21.40% employer contribution to your PERA retirement plan, paid…",PostedPosted 30+ days ago
157,Special Education Teacher/Ed Specialist,Upper Lake Unified School District,"Upper Lake, CA 95485",Estimated $70.9K - $89.8K a yearFull-time,"Maintain accurate, complete, and correct student records as required by laws, school policies, and administrative regulations ● Administer academic assessments,…",EmployerActive 14 days ago
158,Assistant Director of Special Programs,Caledonia Community School District,"Caledonia, MI 49316",Full-time,"In collaboration with the Director of Special Programs, the Assistant Director of Special Programs provides leadership and guidance for the effective and…",PostedPosted 30+ days ago
159,"Education, Assistant Professor",California State University,"Pomona, CA",$150 a day,"Education/Library Science Appointment Type:
Thirty-nine percent of the student body were STEM majors with the top enrolled programs including psychology,…",PostedPosted 6 days ago
160,Substitute Coordinator of Behavior/ Wellness Support Services,Educational Service Center of Cuyahoga County,"Valley View, OH","From $40,500 a yearFull-time","Reports to: Pupil Service Director.
Implementation of behavior procedures and/or behavior intervention plans, professional.",PostedPosted 1 day ago
161,RTI Academic Interventionist - McMahon Elementary School,Lewiston Public Schools,"Lewiston, ME 04240",Estimated $69.5K - $88K a yearFull-time,"SUMMARY: The Response to Intervention (RTI) Coordinator/Interventionist will be responsible for helping to identify, support and monitor students eligible for…",PostedPosted 26 days ago
162,Learning Access Coach (4940 FEDP),Evergreen Public Schools,"Vancouver, WA 98684 (Fircrest area)",Estimated $48.6K - $61.6K a yearFull-time8 hour shift,"As part of the selection process, the District conducts confidential reference checks to include former and present employers and also requires a criminal…",PostedPosted 30+ days ago
163,Multi-Tiered System of Support (MTSS) Facilitator *POOL* - High School (Effective 2023-2024 SCHOOL YEAR),Tucson Unified School District,"Tucson, AZ 85719 (Rincon Heights area)",Estimated $34.9K - $44.2K a yearPart-time,"The MTSS Facilitator will promote and facilitate the MTSS process for supporting all students in the areas of academic, social, emotional, and behavioral needs.",PostedPosted 30+ days ago
164,MTSS Assistant - Bilingual - Miller Junior High,Aberdeen School District 5,"Aberdeen, WA 98520",Estimated $28.8K - $36.5K a yearPart-time,"BENEFITS: Eligible for retirement, medical/dental/vision insurance.
Skills Test - (For Math and/or Reading Authorization).
High school diploma or equivalent.",PostedPosted 30+ days ago
165,Behavior Educational Assistant,Hamilton County Department Of Education,"Hixson, TN",Estimated $41.9K - $53.1K a yearFull-time,"Pending approval of the SY24 CFA by TDOE and HCS Board.
The purpose of this classification is to provide teaching assistance under the direction of a licensed…",PostedPosted 30+ days ago
166,EC Teacher -Inclusion / East Middle School,McDowell County Schools,"Marion, NC 28752",Estimated $43.3K - $54.8K a yearFull-time,"Consult/collaborate with staff, parents, and agencies for the purpose of ensuring appropriate delivery of services and adherence to due process while acting as…",PostedPosted 30+ days ago
167,Title 1 Middle School Interventionist,Windsor Southeast Supervisory Union,"Windsor, VT 05089",Estimated $52.9K - $66.9K a yearFull-time,"Windsor School is seeking an academic interventionist for students in grades 6-8.
Academic interventionists focus on math and/or literacy.",PostedPosted 30+ days ago
168,"Teacher, DPF- Mental Health Support Specialist- (2023-2024)",Minneapolis Public Schools,"Minneapolis, MN 55411 (Jordan area)",Estimated $28.9K - $36.6K a yearFull-time,"Collaborates with site 504 coordinator to develop accommodations for students with mental health diagnoses.
FTE: 1.0 FTE; 39 weeks; this is based on full-time…",PostedPosted 30+ days ago
169,Assistant Football Coach,Davenport CSD,"Davenport, IA 52806",Estimated $52.5K - $66.5K a year,6). Support the strength and conditioning coordinator to ensure proper conditioning and weight training for our student athletes.,PostedPosted 30+ days ago
170,Social Worker - District,Weld RE-4 School District,"Windsor, CO","$46,000 - $60,000 a yearFull-timeMonday to Friday","Mental Health and Wellness Coordinator.
SUMMARY: To utilize social work training and skills in providing direct services, both preventative and remedial to…",PostedPosted 30+ days ago
171,Intervention Specialist,ReGeneration Schools,"Cincinnati, OH 45216 (Bond Hill area)",Estimated $62.7K - $79.4K a yearFull-time,"Reporting to the School Principal and Director of Specialized Services, the pecial Education Coordinator/Intervention Specialist plays a critical role in…",PostedPosted 30+ days ago
172,Education Consultant - Instructional Coach,Greater Cincinnati School Application Consortium,"Cincinnati, OH 45231","$71,508 a yearFull-time","QUALIFICATIONS: Master’s degree or beyond in Education, Curriculum and Instruction, and/or Educational Leadership (or related field) with emphasis in: knowledge…",PostedPosted 14 days ago
173,"School Social Worker (State Teacher II) - Mount View YSC in Lakewood, CO",State of Colorado Job Opportunities,"Lakewood, CO",Estimated $52.6K - $66.7K a yearFull-time +1,"This position will receive a short-staffing temporary pay differential of 3.17% from July 1st 2023 - June 30th 2024.
Support 504 obligations of the school.",PostedPosted 30+ days ago
174,School Psychologist,LaGrange Area Department of Special Education,"La Grange, IL 60525",Full-timeWeekends as needed,"Provide consultation support to teachers.
Assist with assessment and evaluations.
Part-or full-time candidates will be considered.",PostedPosted 30+ days ago
175,Academic Dean/Discipline Coordinator,School Administrative Unit 6,"Claremont, NH 03743",Estimated $69.2K - $87.6K a year,"Qualifications: Bachelor's Degree (Masters degree preferred) and hold a NH Educator Certification.
Job Goals: Analyze behavioral academic data to help drive…",PostedPosted 30+ days ago
176,Instructional Coach,Waukegan Community Unit District 60,"Waukegan, IL 60085",Estimated $53.2K - $67.4K a year,"The Waukegan Community Unit School District No. 60 has set an ambitious agenda for change, guided by the belief that all children, regardless of circumstances,…",PostedPosted 30+ days ago
177,Teacher - Special Education ILC (2023-2024 School Year),Colonial School District - Delaware,"New Castle, DE 19720",Estimated $49.4K - $62.5K a yearFull-time8 hour shift,"Work in conjunction with school administrators, special education coordinators, instructional coaches, and school counselors to support students with…",PostedPosted 30+ days ago
178,Multi-Tiered System of Support (MTSS) Facilitator (Effective 2023-2024 SCHOOL YEAR),Tucson Unified School District,"Tucson, AZ 85746",Estimated $28.5K - $36K a yearFull-time,"The MTSS Facilitator will promote and facilitate the MTSS process for supporting all students in the areas of academic, social, emotional, and behavioral needs.",PostedPosted 30+ days ago
179,Teacher Assistant @ Pleasant Ridge Elementary,Gaston County Schools,"Gastonia, NC",Estimated $40.5K - $51.2K a yearFull-timeMonday to Friday,"The employee performs a variety of tasks for the professional staff in the schools, which supports the educational environment in the classroom.",PostedPosted 7 days ago
180,School Instructional Specialist (available 1/2/23),Alamance-Burlington Schools,"Burlington, NC 27217",Estimated $58.4K - $73.9K a yearFull-time,"Teacher Salary Schedule plus supplement.
The School Instructional Specialist works under general supervision to perform a variety of professional tasks to…",PostedPosted 30+ days ago
181,School Psychologist,West Perry School District,"Elliottsburg, PA 17024","$54,250 - $63,150 a yearFull-time","Job Summary: The school psychologist provides consultation, support, and direct assessment of academic achievement and behavioral health within the school…",PostedPosted 30+ days ago
182,Instructional Coach (CHS),Boerne Independent School District,"Boerne, TX","$64,638 - $66,018 a yearFull-time","Collaborate with content coordinators and campus supervising administrator(s) to ensure coaching impacts student achievement, with an intentional focus on…",PostedPosted 30+ days ago
183,"Coordinator, Professional Development 0923-0023",Erie 1 BOCES,"West Seneca, NY 14224",Estimated $56.5K - $71.6K a year,"Coordinator strives to meet the organizational and professional needs of area districts.
Coordinator assists with building the capacity of all leaders, in and…",PostedPosted 8 days ago
184,School Psychologist - KECO / KECB,Rockford Public Schools,"Kent, WA",Estimated $26.8K - $34K a yearFull-time,"182 day position, (1) position.
The School Psychologist’s primary role is as a diagnostician on the special education evaluation team.",PostedPosted 30+ days ago
185,BOYS BASKETBALL ASSISTANT -.50 FTE,Davenport Community Schools,"Davenport, IA 52803 (College Square area)",Estimated $41.4K - $52.4K a yearFull-timeMonday to Friday,6). Support the strength and conditioning coordinator to ensure proper conditioning and weight training for our student athletes.,PostedPosted 30+ days ago
186,School Instructional Specialist (2023-2024),Alamance-Burlington Schools,"Burlington, NC 27217",Estimated $69.9K - $88.6K a yearFull-time,"Teacher Salary Schedule plus supplement.
The School Instructional Specialist works under general supervision to perform a variety of professional tasks to…",PostedPosted 30+ days ago
187,Multi -Tiered Systems of Support Facilitator,Bridgeport Public Schools,"Bridgeport, CT 06604 (Downtown area)",$150 a dayFull-time,"A. Coordinate universal screening and progress monitoring assessment with assessment coordinator.
Multi-Tiered Systems of Support (MTSS) Facilitator.",PostedPosted 30+ days ago
188,Substitute Coordinator of Behavior/ Wellness Support Services,Educational Service Center of Northeast Ohio,"Independence, OH 44131",Estimated $54.1K - $68.5K a year,"Reports to: Pupil Service Director.
Implementation of behavior procedures and/or behavior intervention plans, professional.",PostedPosted 1 day ago
189,Teacher - Instructional Support,Waukegan Community Unit District 60,"Waukegan, IL 60085",Estimated $30.1K - $38.1K a yearFull-time,"The Waukegan Community Unit School District No. 60 has set an ambitious agenda for change, guided by the belief that all children, regardless of circumstances,…",PostedPosted 30+ days ago
190,DEC - ESL Teacher Assistant,Gaston County Schools,"Bessemer City, NC",Estimated $44.3K - $56.1K a year,"Among the specialty areas are instruction; clerical; behavior; bus driving; computer; and/or, control room.
Able to follow school policies and procedures.",PostedPosted 30+ days ago
191,School Psychologist - KECO / KECB,Kent ISD,"Grand Rapids, MI 49525",Estimated $58.1K - $73.5K a yearFull-time,"182 day position, (1) position.
The School Psychologist’s primary role is as a diagnostician on the special education evaluation team.",PostedPosted 30+ days ago
192,School Psychologist,Chapel Hill - Carrboro City Schools,"Chapel Hill, NC 27516","$90,000 - $120,000 a year",Reports To: Coordinator of Psychological Services/Senior Executive Director of Exceptional Children’s Services.,PostedPosted 18 days ago
193,Special Education Administrator Support Coordinator,Chicago Public Schools,"Chicago, IL 60602 (The Loop area)",Estimated $43.7K - $55.4K a yearFull-time,"Position Type: Non-Union Position.
The mission of the Office of Diverse Learning Supports & Services is to support activities designed to accurately identify…",PostedPosted 30+ days ago
194,Coordinator of Attendance,Providence Schools,"Providence, RI 02901 (College Hill area)",Estimated $26.8K - $34K a yearFull-time,The attendance coordinator will lead attendance efforts and support other programs and initiatives as assigned by the immediate supervisor.,PostedPosted 19 days ago
195,BOYS BASKETBALL ASSISTANT -.50 FTE,Davenport Community Schools,"Davenport, IA 52803 (College Square area)",Estimated $53.6K - $67.9K a yearFull-time,JobID: 10064 Position Type: Athletics/Coach Date Posted: 4/5/2023 Location: West High School Duties & Responsibilities: (Essential Functions of Position…,PostedPosted 30+ days ago
196,"Gifted and Talented Teacher, Animas Valley Elemenary, .3 FTE",Durango School District 9-R,"Durango, CO 81301",Estimated $58.1K - $73.5K a yearFull-time,Durango School District 9-R is accepting applications for a part-time Elementary Gifted and Talented Teacher .3 FTE at Animas Valley Elementary School 12 hrs…,PostedPosted 30+ days ago
197,School Psychologist,Chapel Hill - Carrboro City Schools,"Chapel Hill, NC 27516",$20.34 - $22.39 an hour,Chapel Hill- Carrboro City Schools Job Description Job Title: School Psychologist Salary Schedule: State Salary Schedule + Local Supplement (+Recruitment…,PostedPosted 18 days ago
198,CTE Specialist – Criminal Justice,Kent ISD,"Grand Rapids, MI 49525",$22 - $24 an hourPart-time,JobID: 21330 Position Type: Student Support Services/Career Tech Ed Specialist (Paraprofessional) Date Posted: 9/5/2023 Location: Kent ISD Closing Date…,PostedPosted 30+ days ago
199,"Substitute Teacher (Part-Time / Temporary) at Mount View YSC in Lakewood, CO",State of Colorado Job Opportunities,"Lakewood, CO","$62,260 a yearFull-timeDay shift",Department Information This is a temporary and part-time position. Applications will be considered from residents and non-residents of Colorado. Please note…,PostedPosted 30+ days ago
200,Assistant Professor of Psychology (tenure track),Minnesota State University Moorhead,"Moorhead, MN 56563",Estimated $48.2K - $61K a yearPart-time +1,Position Details Position Information Classification Title Working Title Assistant Professor of Psychology (tenure track) Hire Types Faculty Division MSU…,PostedPosted 2 days ago
201,SY23-24 Tutor Corps Math Site Lead (Part-Time/Temporary Role),Chicago Public Schools,"Chicago, IL 60602 (The Loop area)",,"SY23-24 Tutor Corps Math Site Lead (Part-Time/Temporary Role) Job Number: 230002OR Posting Date: Sep 13, 2023, 2:15:15 PM Primary Location: Central-42 West…",PostedPosted 30+ days ago
202,Exceptional Student Education- Behavior Specialist,DPSCD,"Detroit, MI 48208 (NW Goldberg area)",Estimated $45.9K - $58.1K a year,Job Title Position Title: Exceptional Student Education- Behavior Specialist Location: Various Locations Salary: DFT Salary Schedule Reports to:…,PostedPosted 30+ days ago •75+ applications
203,School Psychologist- Long Term Leave Replacement,Kirtland Local School District,"Kirtland, OH",Estimated $28.9K - $36.6K a yearFull-time,JobID: 534 Position Type: Student Support Services/Psychologist Date Posted: 6/7/2023 Location: Kirtland Local School District Kirtland Local School…,PostedPosted 30+ days ago
204,GIRLS BASKETBALL ASSISTANT,Davenport CSD,"Davenport, IA 52806",Estimated $65.6K - $83.1K a year,"Duties & Responsibilities: (Essential Functions of Position, Major Responsibilities, Summary of Key Duties, Special Assignments, Relationships) Sport Duties 1)…",PostedPosted 30+ days ago
205,Speech Language Pathologist,Ingham Intermediate School District,"Mason, MI 48854",Estimated $57.9K - $73.4K a yearFull-time,JobID: 16944 Position Type: Student Support Services/Speech and Language Pathologist Date Posted: 7/12/2023 Location: Ingham Intermediate School…,PostedPosted 30+ days ago
206,SCHOOL PSYCHOLOGIST,Mount Abraham Unified School District,"Bristol, VT 05443",Estimated $54.4K - $68.9K a year,Mount Abraham Unified School District (MAUSD) is seeking a skilled clinician to join the MAUSD evaluation team in completing evaluations and working…,PostedPosted 30+ days ago
207,Special Education Teacher (0.5 FTE),Chicago Public Schools,"Chicago, IL 60645 (West Rogers Park area)",Estimated $26.5K - $33.5K a year,"Special Education Teacher (0.5 FTE) Job Number: P079608 Posting Date: Nov 29, 2021, 2:39:17 PM Primary Location: North/Northwest Side-6710 North Washtenaw…",PostedPosted 30+ days ago
208,Assistant HS Wrestling,Davenport Community Schools,"Davenport, IA 52803 (College Square area)",Estimated $34.6K - $43.8K a yearFull-time,JobID: 10221 Position Type: Athletics/Coach Date Posted: 5/1/2023 Location: West High School Duties & Responsibilities: (Essential Functions of Position…,PostedPosted 30+ days ago
209,Teacher Assistant - Behavior Lab @ York Chester Middle Career Academy,Gaston County Schools,"Gastonia, NC",Estimated $29.6K - $37.4K a yearFull-time,"Definition The employee performs a variety of tasks for the professional staff in the schools, which supports the educational environment in the classroom.…",PostedPosted 30+ days ago
210,Assistant HS Wrestling,Davenport CSD,"Davenport, IA 52806",Estimated $43.9K - $55.5K a yearFull-time,6). Support the strength and conditioning coordinator to ensure proper conditioning and weight training for our student athletes.,PostedPosted 30+ days ago
211,Title I Elementary Teacher,Sioux City Community School District,"Sioux City, IA 51108",Estimated $26.8K - $34K a yearPart-time,The teacher is focused on student intervention in math and reading in the Title I classroom and will ensure that the Sioux City Community School District…,PostedPosted 30+ days ago
212,BOYS BASKETBALL ASSISTANT -.50 FTE,Davenport CSD,"Davenport, IA 52806",Estimated $26.4K - $33.5K a year,6). Support the strength and conditioning coordinator to ensure proper conditioning and weight training for our student athletes.,PostedPosted 30+ days ago
213,GIRLS BASKETBALL ASSISTANT,Davenport Community Schools,"Davenport, IA 52803 (College Square area)",Estimated $28.5K - $36.1K a yearFull-time,6). Support the strength and conditioning coordinator to ensure proper conditioning and weight training for our student athletes.,PostedPosted 30+ days ago
214,Assignment Open: Assistant Boys Basketball (1.0 Split),Davenport CSD,"Davenport, IA 52806",Estimated $41.2K - $52.2K a year,6). Support the strength and conditioning coordinator to ensure proper conditioning and weight training for our student athletes.,PostedPosted 30+ days ago
215,"Area 1 Elementary School_ MTSS Specialist, (Sagamore Hills ES )2023-2024",DeKalb County School District,United States,$20.34 - $22.39 an hour,"Support Staff (Academic Coaches, MTSS, etc.).
/Multi-Tiered System of Support Specialist (MTSS).
Sagamore Hills Elementary School is seeking an experienced and…",PostedPosted 30+ days ago
216,Applied Construction Program – CTE Specialist,Rockford Public Schools,"Kent, WA",Estimated $41K - $51.9K a yearFull-time,To assist in providing a well-organized and smoothly functioning class environment that reflects the actual work environment in which students can take full…,PostedPosted 30+ days ago
217,Title I Interventionist - Elementary,Sioux City Community School District,"Sioux City, IA 51103",Estimated $26.1K - $33K a year,The teacher is focused on student intervention in math and reading in the Title I classroom and will ensure that the Sioux City Community School District…,PostedPosted 30+ days ago
218,Assignment Open: Assistant Boys’ Basketball (1.0 Split),Davenport Community Schools,"Davenport, IA 52803 (College Square area)",Estimated $48.8K - $61.8K a year,6). Support the strength and conditioning coordinator to ensure proper conditioning and weight training for our student athletes.,PostedPosted 30+ days ago
219,Instructional Specialist - Dyslexia (Grant Funded),Arlington Independent School District,"Arlington, TX 76013 (West area)",Estimated $56.5K - $71.5K a yearFull-timeDay shift +1,The Dyslexia Instructional Specialist is to identify students with dyslexia by administering and interpreting diagnostic tests.,PostedPosted 30+ days ago
220,Certified Speech Language Pathologist,Wichita Public Schools,"Wichita, KS 67217 (Southwest area)",Estimated $52.5K - $66.4K a yearFull-time +1,Position Function: The Speech and Language Pathologist is responsible to the Administrators of the buildings served and to the Coordinator of Speech-Language.,PostedPosted 30+ days ago
221,Social Worker/Guidance Counselor,Ann Arbor Public Schools,"Ann Arbor, MI 48103",Estimated $65.2K - $82.6K a year,Reasonable accommodations may be made to enable individuals with disabilities to perform the essential functions.,PostedPosted 30+ days ago
222,Speech Language Pathologist,Cary Community Consolidated School District 26,United States,Estimated $61.4K - $77.8K a year,"Student Support Services/Speech and Language Pathologist.
Cary Community Consolidated School District 26 - website.
Master’s Degree from accredited university.",PostedPosted 30+ days ago
223,Special Education K-8 (1/2 time),Chicago Public Schools,"Chicago, IL 60609 (Back of the Yards area)",Estimated $36.1K - $45.7K a yearPart-time,This position differs from a person at the school being assigned the duty/role of Case Manager that allows for the receipt of a stipend.,PostedPosted 15 days ago
224,MTSS Assistant - Bilingual - Aberdeen High School,Aberdeen School District 5,"Aberdeen, WA 98520",Estimated $29K - $36.8K a yearFull-time,"BENEFITS: Eligible for retirement, medical/dental/vision insurance.
Skills Test - (For Math and/or Reading Authorization).
High school diploma or equivalent.",PostedPosted 30+ days ago
225,Teacher Assistant @ Bessemer City Middle Tech and Industrial Engineering Academy,Gaston County Schools,"Bessemer City, NC","From $47,000 a yearFull-timeMonday to Friday +1","The employee performs a variety of tasks for the professional staff in the schools, which supports the educational environment in the classroom.",PostedPosted 25 days ago
226,MTSS and Testing Coordinator,Southwest Charlotte STEM Academy,"Charlotte, NC 28278","From $55,000 a yearFull-timeMonday to Friday +1","Adhere to the established progress monitoring process, inclusive of timelines and data collection procedures.
Compile, maintain, and review student data.",PostedToday
227,MTSS Coordinator,MacDowell Prep Academy,"Detroit, MI 48221 (Pembroke area)",Estimated $43K - $54.5K a yearFull-time,"The MTSS coordinator will assist in all MTSS procedures across the district including communication with building site teams, working with the curriculum…",EmployerActive 2 days ago
228,MTSS Reading Interventionist/Coordinator,"Bridgeprep Academy, Inc.","Miami, FL 33135 (West Flagler area)",Estimated $51.7K - $65.4K a year,"Coordinate a multi-tiered model of support delivery that identifies student needs, establish appropriate research-based interventions and enables the efficient…",PostedPosted 29 days ago
229,MTSS Coordinator - IHSCA,Instituto del Progreso Latino,"Chicago, IL 60608 (Heart of Italy area)","$68,500 - $90,000 a yearFull-timeMonday to Friday",We work collaboratively with the goal of improving the academic achievement of all students with disabilities by ensuring they receive meaningful and relevant…,PostedPosted 30+ days ago
230,Literacy Coordinator & Coach,Bridges Public Charter School,"Washington, DC 20011 (Fort Totten area)","$35,460 - $52,680 a yearFull-time8 hour shift","REPORTS TO:* Assistant Principal - ELEM.
The Literacy Coordinator plans, coordinates and implements a literacy program for the instructional staff to facilitate…",EmployerActive 2 days ago
231,5th Grade Science Teacher,Edgecombe County Public Schools,"Rocky Mount, NC 27801",Estimated $38.9K - $49.2K a yearFull-time,"2. Bachelor’s degree (or higher) in education with valid teaching certificate in North Carolina preferred.
Plans and implements a program of instruction that…",EmployerActive 1 day ago
232,MTSS Coordinator,Choice Schools,"Madison Heights, MI 48071","$75,000 - $80,000 a yearFull-time","The MTSS coordinator will collaborate with teachers, administrators, and families to identify behavioral challenges, develop individualized behavior plans, and…",PostedPosted 30+ days ago
233,Professional Services Manager - RethinkEd,RethinkFirst,Remote,"$70,000 - $85,000 a yearFull-time",The Professional Services Manager (PSM) will support the implementation process across multiple school districts and will be responsible for leading…,PostedPosted 20 days ago
234,Advocate Coordinator,North Cook Intermediate Service Center,"Des Plaines, IL","$67,962 - $75,984 a yearFull-time +1Monday to Friday +1","This is a full time, year round, student support position working for the North Cook Regional Office of Education/Intermediate Service Center in collaboration…",PostedPosted 3 days ago
235,"Coordinator of Diversity, Equity and Inclusion",GATEWAY SCHOOL DISTRICT,"Monroeville, PA 15146",,To establish a culture of ownership from all community stakeholders to support the equity and inclusion goals for the Gateway community.,EmployerActive 6 days ago
236,Director of Student Services,New Orleans College Prep,"New Orleans, LA 70113 (Central City area)","$51,300 - $57,790 a yearPart-timeMonday to Friday +3","New Orleans College Prep is adding a full-time Director of Student Services.
The Director of Student Services provides vision and leadership in planning,…",PostedPosted 30+ days ago •75+ applications
237,Attendance & Reengagement Coordinator for Sno. Co. Schools,Northwest Educational Service District,"Snohomish, WA",$17 - $19 an hourPart-time,"This position will support Snohomish County School Districts, travel reimbursement will apply for this position.
Knowledge of inclusionary practices and MTSS.",EmployerActive 7 days ago
238,Teaching Assistant,Thomas MacLaren School,"Colorado Springs, CO 80915 (East Colorado Springs area)","$45,596 - $78,398 a yearFull-timeMonday to Friday +2","Benefits: For employees contracted for 30 hours per week or more, Thomas MacLaren School pays for 100% of the employee’s base insurance premiums (Health, Dental…",PostedPosted 30+ days ago
239,Literacy Specialist,Metropolitan Regional Career and Technical Center...,"Providence, RI 02905 (Washington Park area)","$105,838 - $145,150 a yearFull-timeMonday to Friday","In collaboration with the literacy coordinator, the specialist identifies and implements effective literacy intervention programs.
Minimum of Bachelor Degree.",EmployerActive 13 days ago
240,Director: Social Work Services,Atlanta Public Schools,"Atlanta, GA","$81,000 - $92,500 a yearFull-timeMonday to Friday +1","Directs comprehensive supports for children with mental health challenges, chronic stress, and trauma; this includes, but is not limited to, developing and…",EmployerActive 2 days ago
241,SANY District SPED Coordinator,Science Academies of NY,"Syracuse, NY 13204 (Westside area)",Estimated $57.5K - $72.8K a yearFull-timeMonday to Friday,"Additionally, the coordinator is responsible for ensuring compliance with established policies, procedures, and regulations related to special education,…",EmployerActive 5 days ago
242,Network Director of MTSS,Great Hearts Academies,"Dallas-Fort Worth, TX","$55,621 - $104,835 a yearFull-time +1Monday to Friday +1","Designing and managing a sustainable multi-tiered system of supports (MTSS) framework that meets the unique academic, behavioral, and social-emotional support…",EmployerActive 2 days ago
243,Lower Elementary Teacher (6th Grade),Quileute Tribal School,"La Push, WA 98350","$72,000 - $82,000 a yearFull-timeMonday to Friday","SHIFT: 8 Hours Per Day =1.0 FTE.
LOCATION: Quileute Tribal School, La Push, Wa.
QTS School Board DATE: 4/18/22.
Approved by School Board Motion 1571*.",PostedPosted 30+ days ago
244,Student Support Services Coordinator,Making Waves Academy,"Richmond, CA 94806",Estimated $40.3K - $51K a yearFull-time,"Status: Full-time, Exempt (Year-Round), CalSTRS Retirement Eligible.
Salary: $72,000-$82,000 plus $12,000 Temporary Cost of Living Allowance and MWA Benefits.",PostedPosted 30+ days ago
245,Student Attendance Officer Coordinator,"Stride, Inc","Exton, PA 19341",From $22.04 an hourFull-timeMonday to Friday +1,"Works with student resource coordinator to assist Student Resource Specialist in collaborating.
Works with MTSS coordinators, counselors, and advisors to…",PostedPosted 30+ days ago
246,Coach - Advocacy Center,Metro Nashville Public Schools,"Nashville, TN 37204",$30 an hourFull-time,"Job Code: 82125 FLSA: Non-Exempt*.
Center, a designated regulation space to support wellness for elementary students in emotional crisis or conflict who need…",EmployerActive 6 days ago
247,"RethinkEd - Professional Service Coordinator (Temporary, Part Time)",RethinkFirst,Remote,$298 a dayFull-timeMonday to Friday,"The Professional Services Coordinators (PSCs) primary focus will be on providing direct support to our school district partners, ensuring the successful…",PostedPosted 30+ days ago
248,Long-Term Substitute Teacher,Making Waves Academy,"Richmond, CA 94806",From $40 an hourFull-timeMonday to Friday +1,"Status: Full-Time (During the Academic Year).
Daily Rate: $298.00 plus $12,000 Temporary Cost of Living Allowance and MWA Benefits.",PostedPosted 30+ days ago
249,Mental Health Therapist,Nooksack Valley School District,"Everson, WA","From $60,000 a yearFull-timeMonday to Friday","The Mental Health Provider is responsible for providing school-based mental health therapy, safety planning, and crisis management for youth and families.",PostedPosted 22 days ago
250,Lead Special Education Coordinator,Great Hearts Academies,"Baton Rouge, LA 70810 (Nicholson area)",Estimated $36.2K - $45.9K a yearOvertime,The Special Education Coordinator is a campus leadership position that will play a critical role in founding Great Hearts Harveston and building the footings…,EmployerActive 5 days ago
251,Student Rec & Syst Data Spec,CHARTER SCHOOLS USA AT PASCO LLC,"Wesley Chapel, FL 33543",From $16 an hourFull-time +1Monday to Friday +1,Collects data and documentation and enters student and school data into district/parish and CSUSA student information system(s) following state and district…,PostedToday
252,K-2 Reading and Math Interventionist - HQA or Certified Teacher,Cesar Chavez Academy Lower Elementary K-2,"Detroit, MI 48209 (Springwells area)",$15 an hourPart-time,"We have a great school with awesome kids, staff and parents!!!*.
At Cesar Chavez Academy Lower Elementary you will find bright and cheerful classrooms,…",PostedPosted 4 days ago
253,Interventionist (PT),Girls Leadership Academy of Wilmington,"Wilmington, NC 28405",,Interventionists will have an opportunity to observe best practices in classroom instruction and education reform from experienced teachers and school…,PostedPosted 4 days ago
254,Youth Mentor,YPI Charter Schools,"Los Angeles, CA",$33.79 an hourFull-time,"Job Type: Regular Full-Time (Non-Exempt).
Under the general supervision of the Coordinator of Community School, will assist the Multi-Tiered Systems of Support …",EmployerActive 8 days ago •75+ applications
255,Associate Educational Clinical Coordinator,Pacific Clinics,"Morgan Hill, CA 95037",,"This Position will support Gilroy and North Monterey Area.
Pacific Clinics is California's largest community-based nonprofit provider of behavioral and mental…",PostedPosted 5 days ago
256,Youth Mentor,YPI Charter Schools,"Los Angeles, CA",$23.55 - $24.51 an hourFull-time8 hour shift +2,"Job Type: Regular Full-Time (Non-Exempt).
Reports to: Coordinator of Community Schools.
Under the general supervision of the Coordinator of Community School,…",EmployerActive 8 days ago •75+ applications
257,Academic Case Manager,Proyecto Pastoral,"Los Angeles, CA","$45,000 - $50,000 a yearFull-timeMonday to Friday",Position Description*: The Student Success Advocate’s primary role is to provide individual and group academic support to a caseload of students.,EmployerActive 8 days ago
258,Youth Engagement Specialist,Global Kids,"New York, NY 10001 (Chelsea area)",$15 - $17 an hourFull-timeMonday to Friday,"Global Kids (GK) educates, inspires, and mobilizes youth to become global citizens who are positively engaged in the world and are prepared for their future.",PostedToday
259,Teacher Assistant @ W. C. Friday Leadership Academy,W. C. Friday Middle School,"Dallas, NC 28034",$16.65 an hourFull-time8 hour shift,"The employee performs a variety of tasks for the professional staff in the schools, which supports the educational environment in the classroom.",EmployerActive 10 days ago
260,High School Intervention Aide (ESSER AIDE),Iroquois West High School,"Gilman, IL 60938",,"Provide academic interventions to students under the guidance of the MTSS Coordinators.
Previous experience working in a school setting preferred.",PostedPosted 30+ days ago
261,Child Development Specialist Supervisor,Foundation for Early Childhood Education,"Pasadena, CA 91107 (Pasadena area)","$68,477 - $78,760 a yearFull-timeMonday to Friday","*This posting is to solicit applications, in the event a temporary or permanent position becomes available*.
Summary of Job Duties, Knowledge & Skills*.",PostedPosted 30+ days ago •75+ applications
262,Director of Student Services,Orenda Public Charter School District,"Georgetown, TX 78626",Estimated $52.9K - $67K a yearExtended hours,"Serve as the campus level testing coordinator and collaborate with the district testing coordinator.
Serve as campus LPAC coordinator.",EmployerActive 2 days ago
263,Case Manager - IHSCA,Instituto del Progreso Latino,"Chicago, IL 60608 (Heart of Italy area)",Estimated $98.9K - $125K a year,Instituto Health Science Career Academy along with Chicago Public Schools (CPS) has set ambitious goals to ensure that every child-in every school and every…,PostedPosted 18 days ago
264,Project Manager Lead,MTSS,"Wilmington, DE","From $41,000 a yearFull-timeMonday to Friday","Serve as a coordinator and liaison to key cross-functional stakeholders including IT,.
In an effort to support the transformation of client's brand performance…",PostedPosted 30+ days ago
265,Reading Interventionist,Bonnie Cone Classical Academy,"Huntersville, NC 28078",$17 - $19 an hourFull-time +1Monday to Friday +1,"Participates in any test coordinator pre-test trainings, and assist the campus Assistant Director with any state testing procedures or protocol.",PostedPosted 2 days ago
266,Lower School Academic Intervention Specialist,Thomas MacLaren School,"Colorado Springs, CO 80909 (East Colorado Springs area)",Estimated $51.6K - $65.4K a yearPart-timeAfter school,"Pay range: $17.00-$19.00/hour.
Benefits: For employees contracted for 30 hours per week or more, Thomas MacLaren School pays for 100% of the employee’s base…",EmployerActive 2 days ago
267,After School Interventionist,Milwaukee Academy of Science,"Milwaukee, WI 53233 (Avenues West area)",Estimated $46.6K - $59K a yearFull-time,"Coordinates with: Other after-school program staff, program coordinator, families.
Supervisor: After-School Program Coordinator.
Expected hours: 10 per week.",EmployerActive 2 days ago
268,Mental Health Professional,Alternative Community Resource Programs Inc,"Johnstown, PA 15901","$22,000 - $24,000 a yearFull-time","The Mental Health Professional (MHP) is a working lead level.
The incumbent may provide direction, establish priorities, complete consultations with staff,…",EmployerActive 15 days ago
269,Interventionist,Girls Leadership Academy of Wilmington,"Wilmington, NC 28405","$50,000 - $55,000 a yearFull-time +1Monday to Friday",Do you have a passion for students and the commitment to support student mastery of the curriculum and the critical thinking skills that will set them up for…,PostedPosted 4 days ago
270,Mental Health Coordinator,Lafayette School Corporation-IN,"Lafayette, IN 47904",Estimated $49.4K - $62.6K a yearFull-time,K. counseling coordinator to provide and build the capacity of school counselors and social workers to use evidence-based practices and supports.,EmployerActive 7 days ago
271,Upper School Counselor (5-8),Southwest Leadership Academy,"Philadelphia, PA 19142 (Paschall area)","$60,555 - $64,356 a year","The MTSS coordinator works with the teacher to prescribe specific strategies to support the students.
Can positively impact and contribute to the school and…",PostedPosted 30+ days ago
272,Interim Spanish Immersion Coordinator,Denver Language School,United States,"$35,000 - $45,000 a yearFull-timeMonday to Friday +1","This coordinator will effectively support the DLS mission through our DEI work, healthy enrollment, academic achievement and quality immersion programming.",PostedToday
273,Proctor and Classroom Support/Substitute,Lookout Academy,"Golden, CO 80401","$35,460 - $52,680 a yearFull-time8 hour shift","Assist the special education coordinator with scheduling IEP meetings and sending out meeting notification.
The purpose of this position is to provide testing…",EmployerActive 2 days ago
274,G.W. Bulluck School 3rd Grade Teacher,Edgecombe County Public Schools,"Rocky Mount, NC 27801","From $35,000 a yearFull-timeMonday to Friday","2. Bachelor’s degree (or higher) in education with valid teaching certificate in North Carolina preferred.
Plans and implements a program of instruction that…",EmployerActive 2 days ago
275,School Assistant,The Kindezi Schools,"Atlanta, GA 30308 (Old Fourth Ward area)","$50,000 - $70,000 a yearFull-timeMonday to Friday +1","The Kindezi School Assistant helps in maintaining a positive, safe, and productive learning experience by serving in all school operational and educational…",EmployerActive 14 days ago
276,Learning Specialist/Advisor (Special Education),Cascade Public Schools,"Des Moines, WA 98198 (Pacific Ridge area)",Full-time,"An interdisciplinary, college preparatory approach to the academic core wherein students learn through projects to apply knowledge/skills to relevant issues…",EmployerActive 2 days ago
277,Superintendent of our Classical Academies,Choice Schools,"Wyoming, MI 49509","$29,000 - $36,000 a yearFull-time","Choice Schools specializes in school management services, such as curriculum, compliance, finance, human resources, instruction, operations and marketing.",EmployerActive 5 days ago
278,English Language Development (ELD) Paraeducator,HOPE Learning Academy Co-Op,"Englewood, CO 80112",Estimated $42.1K - $53.3K a year,"Stakeholders report they feel valued and respected by the site coordinator.
The ELD Paraeducator is a site/Learning Center based instructional leadership…",PostedPosted 30+ days ago
279,Behavior Interventionists,Lake Ridge New Tech Schools,"Gary, IN","$53,500 - $61,081 a yearFull-timeMonday to Friday","JOB SUMMARY: Behavior Interventionist supports the social-emotional needs, development, and learning for all students through a culture of equity and support in…",PostedPosted 30+ days ago
280,Interventionist Math and Reading,Orenda Public Charter School District,"Georgetown, TX 78626",$26.44 - $30.57 an hourFull-time,"Evaluate the campus interventions and coordinate with the district MTSS coordinator.
LOCATION: * GATEWAY COLLEGE PREPARATORY SCHOOL (Travel to Belton and…",EmployerActive 2 days ago
281,Educational Behavior Specialist,Pacific Clinics,"San Jose, CA 95112 (North San Jose area)",$47 - $60 an hourPart-time,"Compensation may vary based on skills, experience, education, and location.
Pacific Clinics' School Based Intervention Teams (SBIT) provide tiered behavioral…",PostedPosted 1 day ago
282,Mental Health Professional-School Psychologist - 23/24 School Year (BCCS),Belle Creek Charter School,"Henderson, CO 80640",Estimated $37.3K - $47.3K a year,"Work Year/Days: Part-Time (3 days per week, not to exceed 24 hours/week).
Belle Creek provides its students with a rich and immersive learning experience in…",PostedPosted 7 days ago
283,Student Rec & Syst Data Spec,CHARTER SCHOOLS USA AT MANATEE LLC,"Bradenton, FL 34203",Estimated $57.5K - $72.8K a year,Collects data and documentation and enters student and school data into district/parish and CSUSA student information system(s) following state and district…,PostedPosted 30+ days ago
284,Intensive Supports Lead Therapist,Indianapolis Public Schools,"Indianapolis, IN",,We are looking for an Intensive Supports Therapist (IST) who will positively impact student success by providing immediate and long term therapeutic support to…,PostedPosted 30+ days ago
